Course,A rate,Pass rate,Withdraw rate
AAH 1010,62.0,96.0,1.0
AAH 2050,86.0,100.0,0.0
AAH 3050,84.0,100.0,0.0
ACCT 2010,30.0,82.79166666666666,6.0
ACCT 2020,28.0,84.83333333333334,4.0
ACCT 3030,31.77777777777778,90.77777777777777,4.333333333333333
ACCT 3110,22.2,80.8,6.4
ACCT 3120,34.44444444444444,88.88888888888889,4.888888888888889
ACCT 3130,45.4,97.8,0.5
ACCT 3220,18.666666666666668,92.66666666666667,0.0
ACCT 4040,34.833333333333336,91.33333333333334,1.3333333333333333
ACCT 4080,84.0,100.0,0.0
ACCT 4100,41.0,97.5,1.5
ACCT 4150,57.333333333333336,96.33333333333334,1.3333333333333333
ACCT 8510,44.5,98.0,0.0
ACCT 8530,65.33333333333333,94.0,2.0
ACCT 8620,54.0,98.5,0.0
ACCT 8630,79.0,97.0,0.0
ACCT 8680,58.666666666666664,97.33333333333333,0.0
ACCT 8720,42.0,97.0,0.0
AGED 2040,47.0,94.0,0.0
AGED 4030,88.0,96.0,4.0
AGM 1010,42.0,89.0,0.0
AGM 2050,16.0,91.0,0.0
AGM 2200,36.0,94.0,0.0
AGM 2210,66.0,97.0,1.0
AGM 3050,36.0,91.0,6.0
AGM 4000,39.0,96.0,0.0
AGM 4020,50.0,100.0,0.0
AGM 4040,63.0,98.0,3.0
AGM 4060,26.0,100.0,0.0
AGM 4600,64.0,100.0,0.0
AGRB 2050,21.333333333333332,77.0,2.6666666666666665
AGRB 3090,57.5,98.5,1.0
AGRB 3570,18.0,78.0,3.0
AGRB 4080,13.0,79.0,0.0
AGRB 4090,19.0,88.0,0.0
AGRB 4120,11.0,78.0,0.0
AGRB 4260,77.0,100.0,0.0
AGRB 4520,15.0,78.0,0.0
AGRB 8080,57.0,100.0,0.0
AL 3440,92.0,96.0,0.0
AL 3490,74.41666666666667,97.66666666666667,1.3333333333333333
AL 3500,30.5,78.0,4.0
AL 3530,32.5,97.5,0.0
AL 3600,58.0,92.0,4.0
AL 3610,65.8,95.80000000000001,1.6
AL 3620,43.0,89.66666666666667,1.3333333333333333
AL 3720,70.0,92.0,4.0
AL 3740,75.0,100.0,0.0
AL 3760,73.5,90.0,4.0
AL 4380,73.0,96.0,0.0
AL 4490,72.0,100.0,0.0
AL 8380,78.0,100.0,0.0
AL 8440,71.33333333333333,98.0,2.0
AL 8490,80.33333333333333,96.99999999999999,1.6666666666666667
AL 8530,91.0,100.0,0.0
AL 8640,68.0,100.0,0.0
AL 8650,78.0,100.5,0.0
ANTH 2010,54.2,93.80000000000001,2.0
ANTH 2050,91.0,100.0,0.0
ANTH 3010,15.0,78.0,9.0
ANTH 3200,12.0,73.0,8.0
ANTH 3250,49.5,99.5,0.0
ANTH 3510,70.0,95.0,5.0
ANTH 3530,57.0,90.0,5.0
ANTH 4310,46.0,85.0,8.0
ANTH 4410,75.0,100.0,0.0
ANTH 4510,77.0,100.0,0.0
ANTH 4850,43.0,100.0,0.0
APEC 8220,43.0,100.0,0.0
ARCH 1010,62.0,89.0,0.0
ARCH 2510,58.333333333333336,94.33333333333334,1.3333333333333333
ARCH 2700,57.0,97.0,0.0
ARCH 2710,42.0,92.0,0.0
ARCH 3040,69.0,97.0,0.0
ARCH 3500,68.57142857142857,100.0,0.0
ARCH 3520,50.0,100.0,0.0
ARCH 3530,64.0,100.0,0.0
ARCH 4010,71.4,94.6,2.6
ARCH 4140,64.5,100.0,0.0
ARCH 4520,80.0,95.0,0.0
ARCH 4710,59.0,100.0,0.0
ARCH 4890,79.0,100.0,0.0
ARCH 4990,40.0,90.0,10.0
ARCH 6850,78.0,89.0,11.0
ARCH 6990,45.0,100.0,0.0
ARCH 8050,87.0,94.0,0.0
ARCH 8100,30.0,95.0,5.0
ARCH 8200,78.0,100.0,0.0
ARCH 8210,88.0,97.0,2.0
ARCH 8410,40.0,85.0,5.0
ARCH 8510,24.333333333333332,100.0,0.0
ARCH 8600,65.0,90.0,5.0
ARCH 8700,74.0,95.0,5.0
ARCH 8720,91.0,99.0,2.0
ARCH 8810,83.5,99.5,0.0
ARCH 8950,33.0,88.0,11.0
ART 1050,69.0,100.0,0.0
ART 1510,75.5,87.5,3.0
ART 1550,75.0,94.0,0.0
ART 2060,43.0,79.0,0.0
ART 2070,50.0,92.0,0.0
ART 2100,93.0,99.25,0.75
ART 2110,77.0,85.0,8.0
ART 2150,53.0,93.0,0.0
ART 2210,82.0,91.0,0.0
ART 3210,73.0,100.0,0.0
ART 6900,50.0,100.0,0.0
ART 8210,50.0,100.0,0.0
AS 3090,89.0,100.0,0.0
ASL 1010,69.25,100.0,0.0
ASL 1020,61.0,97.0,0.0
ASL 2010,63.0,95.0,1.25
ASL 2020,71.66666666666667,98.66666666666667,0.0
ASL 3970,67.0,67.0,0.0
ASTR 1010,59.5,98.5,0.0
ASTR 1020,55.0,95.0,2.0
ASTR 1030,72.66666666666667,97.66666666666667,0.6666666666666666
ASTR 1040,65.25,97.25,1.0
AUD 1850,58.0,83.0,17.0
AUD 3800,60.0,100.0,0.0
AUE 2010,80.0,100.0,0.0
AUE 2020,93.0,100.0,0.0
AUE 3010,79.0,100.0,0.0
AUE 3110,34.0,96.0,0.0
AUE 6080,19.0,101.0,0.0
AUE 6600,40.0,94.0,7.0
AUE 6610,67.0,91.0,0.0
AUE 8150,59.0,100.0,0.0
AUE 8260,33.0,100.0,0.0
AUE 8270,74.0,100.0,0.0
AUE 8330,60.0,100.0,0.0
AUE 8350,61.0,100.0,0.0
AUE 8650,82.0,100.0,0.0
AUE 8700,39.0,95.0,0.0
AUE 8810,70.0,91.0,6.5
AUE 8830,62.0,100.0,0.0
AUE 8930,59.0,93.5,6.5
AVS 1000,86.0,94.0,0.0
AVS 1500,36.5,90.5,5.0
AVS 1510,59.5,98.89999999999999,0.4
AVS 2040,78.0,101.0,0.0
AVS 3010,75.5,100.0,0.0
AVS 3020,89.0,100.0,0.0
AVS 3100,87.0,100.0,0.0
AVS 3700,15.0,65.0,20.0
AVS 3750,72.0,99.0,0.0
AVS 4090,83.25,100.0,0.0
AVS 4100,87.0,100.0,0.0
AVS 4110,51.0,88.0,5.0
AVS 4140,71.0,99.0,0.0
AVS 4150,78.0,100.0,0.0
AVS 4160,64.0,101.0,0.0
AVS 4500,30.0,100.0,0.0
AVS 4530,30.0,86.0,4.0
AVS 4650,45.0,94.0,4.0
AVS 6110,25.0,88.0,0.0
AVS 6140,60.0,100.0,0.0
AVS 8010,71.0,100.0,0.0
AVS 8080,33.0,83.0,0.0
BCHM 1030,86.0,97.0,0.0
BCHM 3010,26.0,73.0,5.0
BCHM 3050,49.333333333333336,92.33333333333334,0.6666666666666666
BCHM 4310,71.0,98.0,0.0
BCHM 4330,75.0,93.66666666666666,2.0
BCHM 4400,79.0,88.0,2.0
BCHM 4430,86.0,98.0,2.0
BCHM 4930,87.33333333333333,100.0,0.0
BCHM 8100,67.0,100.0,0.0
BE 3100,24.0,82.0,0.0
BE 3200,70.0,100.0,0.0
BE 4100,55.0,101.0,0.0
BIOE 1010,82.0,96.0,5.0
BIOE 2000,91.0,100.0,0.0
BIOE 2010,95.0,100.0,0.0
BIOE 3020,53.0,96.0,4.0
BIOE 3100,75.0,97.0,0.0
BIOE 3200,76.0,96.0,1.0
BIOE 3210,88.0,96.0,3.0
BIOE 3460,65.0,86.0,3.0
BIOE 3470,46.0,96.0,0.0
BIOE 3700,50.0,97.0,0.0
BIOE 4000,93.0,100.0,0.0
BIOE 4120,80.0,100.0,0.0
BIOE 4200,86.0,100.0,0.0
BIOE 4480,50.0,100.0,0.0
BIOE 4500,57.0,86.0,0.0
BIOE 4510,81.85714285714286,85.0,15.142857142857142
BIOE 6120,83.0,100.0,0.0
BIOE 6380,85.0,85.0,8.0
BIOE 6400,22.0,89.0,11.0
BIOE 8020,55.0,91.0,9.0
BIOE 8160,88.0,101.0,0.0
BIOE 8600,86.0,100.0,0.0
BIOE 8620,94.0,100.0,0.0
BIOE 8660,76.0,100.0,0.0
BIOE 8700,60.0,100.0,0.0
BIOL 1010,73.0,95.0,0.0
BIOL 1030,43.4,91.79999999999998,1.6
BIOL 1040,43.0,93.0,3.0
BIOL 1050,64.9,95.18,1.5
BIOL 1090,43.0,97.0,1.0
BIOL 1100,37.25,93.25,2.0
BIOL 1200,85.0,96.66666666666667,2.1666666666666665
BIOL 1230,40.0,86.0,8.0
BIOL 2220,27.5,81.0,4.5
BIOL 3000,73.5,97.5,1.5
BIOL 3030,48.666666666666664,88.66666666666667,2.6666666666666665
BIOL 3040,36.0,75.0,1.0
BIOL 3070,61.285714285714285,96.57142857142857,1.7142857142857142
BIOL 3080,50.833333333333336,95.5,1.5
BIOL 3110,85.0,100.0,0.0
BIOL 3150,47.0,89.0,4.0
BIOL 3350,39.0,93.0,2.0
BIOL 3510,74.0,101.0,0.0
BIOL 3530,78.0,101.0,0.0
BIOL 3940,94.0,100.0,0.0
BIOL 4020,59.5,97.5,2.5
BIOL 4030,8.0,78.0,8.0
BIOL 4040,23.0,75.0,7.0
BIOL 4060,15.5,87.0,2.0
BIOL 4070,39.5,94.5,2.5
BIOL 4200,69.0,97.0,0.0
BIOL 4250,37.0,78.0,8.0
BIOL 4260,67.5,96.5,3.5
BIOL 4300,38.0,88.0,0.0
BIOL 4410,35.0,94.0,1.0
BIOL 4430,36.0,91.0,2.0
BIOL 4440,68.0,97.0,3.0
BIOL 4510,45.0,81.0,0.0
BIOL 4610,66.0,95.16666666666667,1.5
BIOL 4620,82.5,98.66666666666666,1.3333333333333333
BIOL 4670,93.0,97.0,0.0
BIOL 4750,22.0,79.0,9.0
BIOL 4930,87.25,100.0,0.0
BIOL 6030,63.0,89.0,13.0
BIOL 8150,89.0,100.0,0.0
BIOL 8400,83.0,96.0,4.0
BIOL 8420,72.0,99.0,2.0
BIOL 8440,63.0,98.0,0.0
BSHS 3330,67.0,94.0,7.0
BUS 1010,61.892857142857146,96.10714285714286,2.392857142857143
BUS 2010,90.63636363636364,98.27272727272728,1.6363636363636365
BUS 2700,78.5,100.5,0.0
BUS 3010,83.1,98.6,0.9
BUS 3700,64.0,100.0,0.0
CCPD 1400,87.0,94.0,0.0
CCPD 1680,58.0,75.0,25.0
CE 2010,48.666666666666664,88.33333333333333,4.833333333333333
CE 2060,25.0,96.0,2.0
CE 2080,56.0,98.0,3.0
CE 2100,84.0,100.0,0.0
CE 2200,94.0,97.0,3.0
CE 2550,35.0,93.0,2.0
CE 3010,45.0,95.5,1.0
CE 3110,60.0,100.0,0.0
CE 3210,19.0,93.0,2.0
CE 3310,44.5,99.0,0.0
CE 3410,41.5,90.5,1.5
CE 3420,22.0,82.0,1.0
CE 3430,83.66666666666667,100.0,0.0
CE 3510,92.0,100.0,0.0
CE 3520,70.0,97.0,1.0
CE 3530,96.0,100.0,0.0
CE 4010,45.0,90.0,5.0
CE 4020,37.0,94.0,0.0
CE 4070,56.0,96.0,2.0
CE 4100,25.0,100.0,0.0
CE 4240,33.0,90.0,0.0
CE 4260,33.0,99.0,0.0
CE 4310,72.0,96.0,0.0
CE 4330,80.0,100.0,0.0
CE 4350,58.0,100.0,0.0
CE 4470,93.0,100.0,0.0
CE 4560,65.0,101.0,0.0
CE 4590,51.0,98.0,0.0
CE 4910,86.5,98.0,2.0
CE 6010,71.0,92.0,7.0
CE 6070,82.0,94.0,6.0
CE 6100,38.0,88.0,0.0
CE 8030,42.0,100.0,0.0
CE 8140,71.0,100.0,0.0
CE 8540,36.0,90.0,9.0
CH 1010,28.0,75.27272727272728,8.090909090909092
CH 1020,25.6,80.2,8.6
CH 1050,34.0,97.0,2.5
CH 2010,36.0,87.0,4.0
CH 2020,88.0,88.0,13.0
CH 2230,28.875,82.75,2.5
CH 2240,37.0,79.5,4.5
CH 2270,88.25,88.25,11.75
CH 2280,92.0,92.0,8.0
CH 3130,33.0,93.0,0.0
CH 3300,28.0,95.0,0.0
CH 3310,26.0,78.0,7.0
CH 3390,83.66666666666667,92.00000000000001,0.0
CH 4000,55.0,100.0,0.0
CH 4010,86.0,92.0,9.0
CH 4210,38.0,100.0,0.0
CH 4990,97.0,100.0,0.0
CH 8070,57.0,100.0,0.0
CH 8120,62.0,101.0,0.0
CH 8210,40.0,100.0,0.0
CH 9000,51.5,100.5,0.0
CHE 2110,33.0,91.0,0.0
CHE 3210,22.0,68.0,2.0
CHE 3300,27.0,88.0,0.0
CHE 4070,47.0,92.0,0.0
CHE 4160,75.0,100.0,0.0
CHE 4310,66.0,96.0,0.0
CHE 4430,86.0,98.0,0.0
CHE 4450,85.0,99.0,0.0
CHE 4500,48.0,94.0,0.0
CHE 8030,36.0,72.0,0.0
CHE 8040,45.0,99.0,0.0
CHE 8050,30.0,100.0,0.0
CHIN 1010,83.0,91.0,8.0
CHIN 3050,20.0,90.0,0.0
CHIN 3120,33.0,83.0,17.0
CHIN 4010,33.0,95.0,5.0
CHIN 4990,81.0,96.0,0.0
COM 1500,83.88888888888889,95.66666666666666,1.6666666666666667
COM 2010,73.0,98.5,0.0
COM 2020,66.5,95.0,1.5
COM 2030,70.0,100.5,0.0
COM 2500,73.89473684210526,94.99999999999999,2.6578947368421053
COM 3050,64.0,96.0,0.0
COM 3080,73.0,100.0,0.0
COM 3120,88.0,101.0,0.0
COM 3130,89.0,94.0,5.0
COM 3240,59.0,100.0,0.0
COM 3280,90.0,100.0,0.0
COM 3300,85.0,92.0,0.0
COM 3310,80.0,97.0,0.0
COM 3480,76.0,100.0,0.0
COM 3500,58.0,100.0,0.0
COM 3550,90.0,100.0,0.0
COM 3660,89.0,101.0,0.0
COM 3800,89.0,101.0,0.0
COM 3810,80.0,100.0,0.0
COM 4250,84.0,100.0,0.0
COM 4270,89.0,100.0,0.0
COM 8200,88.0,100.0,0.0
COM 8230,89.0,100.0,0.0
CPSC 1010,33.0,81.5,2.0
CPSC 1020,25.0,78.0,8.0
CPSC 1050,46.0,68.66666666666666,18.333333333333332
CPSC 1070,39.0,78.0,12.0
CPSC 1210,40.0,85.0,12.0
CPSC 2070,58.25,96.0,1.5
CPSC 2120,67.33333333333333,96.33333333333333,0.3333333333333333
CPSC 2150,48.666666666666664,93.33333333333333,0.0
CPSC 2200,70.0,90.0,7.0
CPSC 2310,25.5,75.5,6.0
CPSC 2920,67.0,91.0,2.3333333333333335
CPSC 3120,39.333333333333336,78.66666666666667,13.0
CPSC 3220,27.666666666666668,78.66666666666667,13.0
CPSC 3300,64.0,90.0,3.0
CPSC 3500,18.0,94.0,2.0
CPSC 3520,78.0,94.0,1.0
CPSC 3600,21.0,64.5,14.5
CPSC 3720,55.333333333333336,96.66666666666667,1.3333333333333333
CPSC 3990,81.75,85.0,15.5
CPSC 4030,28.0,92.0,4.0
CPSC 4050,33.0,76.0,10.0
CPSC 4110,26.0,89.0,4.0
CPSC 4120,60.0,100.0,0.0
CPSC 4140,80.0,95.0,2.0
CPSC 4160,83.0,95.0,2.0
CPSC 4180,27.0,97.0,0.0
CPSC 4200,46.0,95.5,2.0
CPSC 4240,48.0,100.0,0.0
CPSC 4300,84.33333333333333,96.66666666666666,2.3333333333333335
CPSC 4420,62.5,84.0,4.0
CPSC 4430,78.0,92.0,7.0
CPSC 4440,92.0,100.5,0.0
CPSC 4620,30.5,87.0,2.5
CPSC 4780,50.0,90.0,10.0
CPSC 4820,76.0,92.0,1.5
CPSC 4910,64.5,97.0,2.0
CPSC 6030,82.0,100.0,0.0
CPSC 6200,67.0,101.0,0.0
CPSC 6300,85.0,100.0,0.0
CPSC 6420,50.0,63.0,13.0
CPSC 6430,76.0,89.0,11.5
CPSC 6440,89.5,100.0,0.0
CPSC 6620,50.0,100.0,0.0
CPSC 7010,85.0,93.0,0.0
CPSC 7020,71.0,92.0,0.0
CPSC 8200,67.0,100.0,0.0
CPSC 8400,20.0,66.0,20.0
CPSC 8420,91.0,91.0,9.0
CPSC 8430,60.0,99.0,2.0
CPSC 8580,66.0,100.0,0.0
CPSC 8700,78.0,94.0,5.0
CPSC 8740,79.0,89.5,4.0
CPSC 8810,90.0,100.0,0.0
CPSC 8830,88.0,100.0,0.0
CRP 2010,39.0,72.0,6.0
CRP 8020,42.0,100.0,0.0
CRP 8050,67.0,100.0,0.0
CRP 8410,64.0,85.0,7.0
CRP 8600,60.0,80.0,0.0
CSM 1000,54.0,100.0,0.0
CSM 2010,78.0,96.5,0.0
CSM 2030,47.0,100.0,0.0
CSM 2040,74.0,99.0,0.0
CSM 2050,45.0,100.0,0.0
CSM 2060,47.0,101.0,0.0
CSM 3040,69.0,100.0,0.0
CSM 3050,46.0,100.5,0.0
CSM 3060,63.5,97.5,2.0
CSM 3070,67.0,100.0,0.0
CSM 3510,40.5,89.0,5.5
CSM 3520,8.0,100.0,0.0
CSM 3530,92.0,100.0,0.0
CSM 4110,73.0,99.0,0.0
CSM 4400,52.0,99.0,0.0
CSM 4500,81.0,100.0,0.0
CSM 4530,75.5,100.0,0.0
CSM 6310,82.0,100.0,0.0
CSM 8600,43.0,100.0,0.0
CSM 8610,81.0,100.0,0.0
CSM 8690,91.0,100.0,0.0
CU 1010,79.6,92.39999999999999,1.0
DANC 2500,88.0,100.0,0.0
DBE 8150,50.0,100.0,0.0
DPA 3070,71.0,71.0,29.0
DPA 4000,75.0,92.0,8.0
DPA 4020,62.0,85.0,8.0
DPA 6000,0.0,83.0,17.0
DSA 8010,69.0,91.0,6.0
DSA 8030,66.0,88.0,3.0
DSA 8070,86.0,97.0,0.0
DSA 8590,58.0,91.0,0.0
DSA 8640,85.0,97.0,3.0
DSA 8670,49.0,95.0,0.0
ECAS 1900,74.0,89.0,11.0
ECAS 1990,76.0,97.0,0.0
ECAS 2900,80.0,100.0,0.0
ECAS 2910,83.0,91.0,0.0
ECAS 3910,86.0,100.0,0.0
ECAS 3990,80.0,80.0,0.0
ECE 2010,26.0,67.5,11.0
ECE 2020,37.666666666666664,82.33333333333333,3.0
ECE 2070,33.333333333333336,89.0,1.6666666666666667
ECE 2080,85.14285714285714,96.85714285714285,0.8571428571428571
ECE 2090,75.85714285714286,86.42857142857143,9.857142857142858
ECE 2110,74.22222222222223,91.22222222222223,5.222222222222222
ECE 2120,78.0,95.0,4.0
ECE 2210,39.5,90.0,5.0
ECE 2220,41.0,89.0,5.0
ECE 2230,34.0,76.0,17.0
ECE 2620,34.0,88.0,2.0
ECE 2720,32.0,89.0,0.0
ECE 2730,73.0,93.0,0.0
ECE 3110,81.8,88.99999999999999,4.0
ECE 3120,72.5,100.0,0.0
ECE 3170,34.0,84.0,0.0
ECE 3200,36.0,78.0,4.0
ECE 3210,42.0,97.0,3.0
ECE 3220,75.0,100.0,0.0
ECE 3300,41.5,86.5,3.5
ECE 3520,93.0,100.0,0.0
ECE 3600,61.0,100.0,0.0
ECE 3710,34.0,92.0,5.0
ECE 3720,85.25,88.75,11.25
ECE 3800,47.0,93.0,5.0
ECE 3810,17.0,96.0,0.0
ECE 3990,67.0,67.0,17.0
ECE 4040,58.0,90.0,0.0
ECE 4090,56.0,100.0,0.0
ECE 4180,30.0,60.0,10.0
ECE 4270,36.0,98.0,2.0
ECE 4290,71.0,101.0,0.0
ECE 4420,92.0,96.0,4.0
ECE 4490,44.0,69.0,19.0
ECE 4610,67.0,101.0,0.0
ECE 4670,57.0,100.0,0.0
ECE 4710,62.0,99.0,0.0
ECE 4950,99.0,100.0,0.0
ECE 4960,88.0,100.0,0.0
ECE 4990,89.0,89.0,0.0
ECE 6180,67.0,84.0,17.0
ECE 6290,82.0,100.0,0.0
ECE 6420,90.0,96.0,3.0
ECE 6610,63.0,101.0,0.0
ECE 6710,38.0,101.0,0.0
ECE 6780,60.0,100.0,0.0
ECE 8010,73.0,100.0,0.0
ECE 8040,80.0,100.0,0.0
ECE 8630,33.0,83.0,17.0
ECE 8830,75.0,88.0,0.0
ECE 8930,69.33333333333333,100.0,0.0
ECON 2000,38.666666666666664,84.66666666666666,4.333333333333333
ECON 2110,31.257142857142856,92.28571428571428,2.085714285714286
ECON 2120,41.90909090909091,90.36363636363637,2.5454545454545454
ECON 3020,95.0,100.0,0.0
ECON 3030,22.0,89.0,7.0
ECON 3060,60.0,96.0,5.0
ECON 3100,55.0,95.0,0.0
ECON 3140,39.6,85.0,6.4
ECON 3150,26.333333333333332,79.0,4.0
ECON 3190,29.0,96.0,0.0
ECON 3250,45.0,88.0,2.0
ECON 3600,50.0,96.0,2.0
ECON 4020,25.0,91.0,3.0
ECON 4040,28.0,81.0,0.0
ECON 4050,56.666666666666664,94.33333333333333,1.0
ECON 4100,78.0,100.0,0.0
ECON 4120,70.0,100.0,0.0
ECON 4230,44.0,80.0,0.0
ECON 4260,54.0,96.0,0.0
ECON 4980,46.333333333333336,85.0,6.0
ECON 8010,20.0,80.0,10.0
ECON 8040,56.0,89.0,0.0
ECON 8060,36.0,81.0,9.0
ECON 8160,71.0,100.0,0.0
ECON 8200,63.0,101.0,0.0
ECON 8230,27.0,100.0,0.0
ECON 8600,84.0,100.0,0.0
ECON 8700,63.0,96.0,4.0
ECON 9000,75.0,100.0,0.0
ED 1050,88.0,94.0,6.0
ED 1400,73.6,97.8,0.0
ED 2400,84.5,100.0,0.0
ED 3010,86.0,98.0,0.0
ED 8090,97.0,99.0,2.0
ED 8480,94.0,97.0,3.0
EDC 8100,92.0,92.0,0.0
EDEC 2000,93.0,98.5,0.0
EDEC 4400,81.0,100.0,0.0
EDEL 3210,86.5,100.0,0.0
EDEL 4010,73.5,100.0,0.0
EDEL 4510,91.5,100.0,0.0
EDEL 4520,89.0,100.33333333333333,0.0
EDEL 4870,88.0,100.0,0.0
EDF 3020,83.0,98.75,0.75
EDF 3340,75.0,97.5,0.0
EDF 3350,82.0,100.0,0.0
EDF 4800,80.42857142857143,93.71428571428571,1.4285714285714286
EDF 8080,94.0,99.0,2.0
EDF 9270,73.75,93.25,4.0
EDHC 3100,41.0,78.0,4.0
EDHC 3200,82.0,97.0,0.0
EDHC 3210,92.0,100.0,0.0
EDHC 3300,80.0,96.5,4.0
EDHC 3900,73.5,99.5,0.0
EDHC 4110,75.0,90.0,0.0
EDHC 4220,69.0,100.0,0.0
EDHC 4320,84.0,100.0,0.0
EDHC 4900,50.0,100.0,0.0
EDL 8550,64.0,100.0,0.0
EDL 9750,87.0,87.0,7.0
EDLL 8000,86.0,100.0,0.0
EDLL 8050,71.0,100.0,0.0
EDLL 8400,83.0,100.0,0.0
EDLL 8500,71.0,71.0,0.0
EDLT 4590,93.0,100.0,0.0
EDLT 4600,94.0,100.0,0.0
EDLT 4800,84.0,98.5,0.0
EDLT 4980,92.0,100.0,0.0
EDLT 8100,81.0,87.0,0.0
EDLT 8120,86.5,98.0,0.0
EDLT 8140,91.0,96.0,0.0
EDLT 8280,78.0,89.0,0.0
EDSA 3990,94.0,100.0,0.0
EDSA 8040,92.0,100.0,0.0
EDSC 2260,82.0,94.0,0.0
EDSC 3280,88.0,101.0,0.0
EDSC 4280,85.0,100.0,0.0
EDSC 8640,60.0,100.0,0.0
EDSP 3700,84.66666666666667,98.66666666666667,1.0
EDSP 3750,89.5,97.5,0.0
EDSP 3760,79.0,97.0,0.0
EDSP 4930,92.0,100.0,0.0
EDSP 4970,92.0,96.0,0.0
EDSP 8200,88.0,94.0,0.0
EDSP 8540,81.0,96.0,0.0
EDSP 8610,88.0,96.0,0.0
EDSP 8720,68.5,86.5,3.5
EES 2010,41.0,88.0,3.0
EES 3030,57.0,97.0,0.0
EES 3040,50.0,94.0,0.0
EES 3050,71.0,87.0,0.0
EES 4010,48.0,98.5,1.0
EES 4090,20.0,80.0,4.0
EES 4140,67.0,91.0,5.0
EES 4500,93.0,100.0,0.0
EES 4800,31.0,93.0,0.0
EES 4840,71.0,96.0,0.0
EES 4850,29.0,86.0,7.0
EES 4860,67.66666666666667,93.33333333333334,7.0
EES 4900,92.0,92.0,8.0
EES 8020,63.0,101.0,0.0
EES 8080,50.0,100.0,0.0
EES 8430,71.0,100.0,0.0
ELE 3010,53.4,98.80000000000001,0.6
ELE 3990,89.0,100.0,0.0
ELE 4010,69.0,100.0,0.0
ELE 4020,42.5,97.5,1.0
ELE 4030,19.0,100.0,0.0
ELE 4040,71.0,100.0,0.0
ELE 4080,52.0,100.0,0.0
ENGL 1030,70.86764705882354,94.20588235294119,1.838235294117647
ENGL 2020,70.0,94.36363636363637,1.8181818181818181
ENGL 2120,61.75,93.03125,2.875
ENGL 2130,57.90909090909091,94.36363636363636,3.0
ENGL 2140,71.38461538461539,95.23076923076923,2.6153846153846154
ENGL 2150,63.46153846153846,94.61538461538461,2.1538461538461537
ENGL 2160,82.0,96.0,0.0
ENGL 2310,47.0,100.0,0.0
ENGL 3100,71.0,94.66666666666667,3.6666666666666665
ENGL 3120,73.0,92.0,5.0
ENGL 3450,66.0,92.0,5.5
ENGL 3460,63.0,94.0,6.0
ENGL 3480,78.0,101.0,0.0
ENGL 3490,75.0,95.0,5.0
ENGL 3500,47.0,78.0,5.0
ENGL 3520,62.0,96.0,5.0
ENGL 3560,62.0,95.0,5.0
ENGL 3800,43.0,91.0,5.0
ENGL 3850,63.0,94.0,6.0
ENGL 3960,77.0,100.0,0.0
ENGL 3970,62.0,95.0,0.0
ENGL 3980,78.0,89.0,11.0
ENGL 3990,74.0,96.0,4.0
ENGL 4070,85.0,100.0,0.0
ENGL 4110,70.0,95.0,0.0
ENGL 4140,17.0,84.0,11.0
ENGL 4190,48.0,86.0,0.0
ENGL 4250,53.0,100.0,0.0
ENGL 4420,70.0,95.0,5.0
ENGL 4440,60.0,95.0,0.0
ENGL 4450,69.0,100.0,0.0
ENGL 4480,80.0,100.0,0.0
ENGL 4600,71.0,86.0,0.0
ENGL 4640,68.0,84.0,0.0
ENGL 4650,76.0,95.0,5.0
ENGL 4960,75.0,83.0,0.0
ENGL 8080,75.0,100.0,0.0
ENGL 8100,67.0,100.0,0.0
ENGR 1010,33.5,83.0,3.0
ENGR 1020,49.56,90.96000000000001,2.84
ENGR 1100,42.5,88.0,3.0
ENGR 1410,7.75,50.0,31.5
ENGR 1510,24.666666666666668,92.0,3.0
ENGR 2080,41.0,84.2,5.8
ENGR 2100,47.0,83.33333333333334,3.0
ENR 1010,84.0,97.5,1.5
ENR 4290,79.5,96.5,3.5
ENSP 2000,68.2,96.00000000000001,2.0
ENSP 4000,43.0,93.0,7.0
ENT 3010,60.0,87.0,13.0
ENTR 1010,51.0,98.0,1.0
ESED 8000,75.0,100.0,0.0
ETOX 4300,43.0,86.0,5.0
ETOX 6300,67.0,84.0,17.0
FDSC 2160,70.0,100.0,0.0
FDSC 3010,78.5,95.5,5.0
FDSC 3060,74.0,100.0,0.0
FDSC 4010,37.0,100.0,0.0
FIN 2010,92.0,96.33333333333333,1.6666666666666667
FIN 3040,19.0,89.5,1.5
FIN 3050,20.75,78.875,7.5
FIN 3060,23.90909090909091,81.0909090909091,3.909090909090909
FIN 3070,33.0,91.57142857142857,2.4285714285714284
FIN 3080,37.6,92.6,4.0
FIN 3110,30.333333333333332,79.66666666666666,5.444444444444445
FIN 3120,24.90909090909091,88.9090909090909,3.5454545454545454
FIN 4010,41.0,88.0,2.0
FIN 4020,59.5,96.5,0.0
FIN 4030,20.5,87.5,0.0
FIN 4050,13.5,76.0,8.0
FIN 4060,35.0,92.33333333333333,4.333333333333333
FIN 4110,19.5,84.5,2.75
FIN 4150,56.333333333333336,98.66666666666667,1.0
FIN 4160,20.0,101.0,0.0
FIN 4980,59.0,59.0,29.0
FNPS 8510,90.0,100.0,0.0
FNR 2040,59.0,98.0,0.0
FNR 4700,86.0,96.0,4.333333333333333
FNR 4900,96.0,98.0,0.0
FNR 4990,80.0,96.0,0.0
FOR 2050,33.333333333333336,78.66666666666667,3.0
FOR 2210,24.0,76.0,0.0
FOR 3020,40.0,100.0,0.0
FOR 3040,74.0,99.0,0.0
FOR 3410,83.0,100.0,0.0
FOR 4100,91.0,97.0,3.0
FOR 4130,61.0,100.0,0.0
FOR 4150,93.0,96.0,3.0
FOR 4160,80.0,100.0,0.0
FOR 4310,84.0,100.0,0.0
FOR 4330,83.0,100.0,0.0
FOR 4340,69.0,98.0,0.0
FOR 8930,84.0,95.0,5.0
FR 1010,82.33333333333333,95.66666666666666,3.0
FR 1020,54.5,80.5,12.0
FR 2010,48.5,95.5,2.0
FR 2020,77.5,97.5,0.0
FR 3050,55.0,100.0,0.0
FR 3070,85.0,100.0,0.0
GBS 1000,88.0,95.5,2.5
GBS 1010,67.0,83.0,8.0
GC 1020,62.0,96.0,2.0
GC 1040,67.0,95.0,0.0
GC 1050,69.0,92.66666666666667,1.6666666666666667
GC 2070,81.0,98.0,2.0
GC 2400,76.0,94.0,4.0
GC 3400,34.0,84.0,5.0
GC 3450,75.0,90.0,0.0
GC 3460,53.0,96.0,0.0
GC 3600,85.0,100.0,0.0
GC 3620,85.0,95.0,5.0
GC 3710,89.0,97.0,3.0
GC 3730,74.0,100.0,0.0
GC 3760,87.0,100.0,0.0
GC 3780,95.0,98.0,3.0
GC 3800,66.0,93.0,2.0
GC 3990,33.0,100.0,0.0
GC 4060,78.0,100.0,0.0
GC 4400,46.0,98.0,0.0
GC 4440,53.0,94.0,0.0
GC 4500,88.0,101.0,0.0
GC 4800,64.0,89.0,0.0
GC 4900,91.0,95.5,0.0
GEN 1030,96.0,100.0,0.0
GEN 3000,85.66666666666667,99.0,0.6666666666666666
GEN 3020,73.5,97.0,0.0
GEN 4100,43.0,97.0,2.0
GEN 4110,84.0,97.0,3.5
GEN 4400,76.0,92.0,0.0
GEN 4600,38.0,81.0,19.0
GEN 8100,89.0,100.0,0.0
GEOG 1030,37.0,94.0,1.0
GEOG 1060,24.0,92.5,8.0
GEOG 3100,55.0,82.0,0.0
GEOL 1010,54.0,90.25,1.0
GEOL 1030,62.4375,91.25,3.125
GEOL 1120,54.0,96.0,1.0
GEOL 1140,60.0,96.0,1.0
GEOL 1200,60.0,97.0,1.0
GEOL 2050,62.0,100.0,0.0
GEOL 2070,69.0,100.0,0.0
GEOL 2300,38.0,88.0,0.0
GEOL 3000,79.0,98.0,2.0
GEOL 3020,73.0,100.0,0.0
GEOL 4150,46.0,76.0,8.0
GEOL 4820,10.0,70.0,20.0
GEOL 4910,75.0,100.0,0.0
GEOL 6820,67.0,100.0,0.0
GEOL 8080,71.0,100.0,0.0
GER 1010,61.0,84.0,6.0
GER 1020,58.0,99.0,0.0
GER 2010,52.5,93.0,3.5
GER 2020,20.0,96.0,0.0
GER 2400,82.0,101.0,0.0
GER 2600,50.0,83.0,11.0
GER 3150,64.0,100.0,0.0
GLCH 1550,85.0,97.0,3.0
GLCH 3510,69.0,87.0,5.0
HCC 8310,84.0,100.0,0.0
HCC 8330,71.0,100.0,0.0
HIST 1000,92.0,96.0,2.0
HIST 1010,59.75,98.0,1.125
HIST 1020,60.5,97.5,0.0
HIST 1240,55.0,98.0,1.0
HIST 1720,61.5,93.0,3.0
HIST 1730,77.0,96.0,0.0
HIST 1930,55.5,94.0,4.5
HIST 2140,64.0,85.0,0.0
HIST 2990,51.5,89.5,4.5
HIST 3010,80.0,97.0,0.0
HIST 3080,55.0,91.0,0.0
HIST 3110,77.0,91.0,5.0
HIST 3170,50.0,100.0,0.0
HIST 3280,87.0,100.0,0.0
HIST 3290,73.0,97.0,3.0
HIST 3300,25.0,75.0,17.0
HIST 3510,35.0,80.0,5.0
HIST 3550,63.0,93.0,0.0
HIST 3610,48.0,83.0,0.0
HIST 3670,66.0,94.0,0.0
HIST 3850,67.0,100.0,0.0
HIST 4370,33.0,90.0,0.0
HIST 4600,73.0,93.0,0.0
HIST 4700,81.0,87.0,0.0
HIST 4870,61.0,99.0,0.0
HIST 4900,79.0,95.33333333333333,0.0
HIST 4960,57.0,96.0,4.0
HIST 8200,80.0,100.0,0.0
HIST 8540,86.0,100.0,0.0
HIST 8810,75.0,100.0,0.0
HLTH 2020,79.66666666666667,99.00000000000001,0.5
HLTH 2030,74.0,98.33333333333333,0.0
HLTH 2400,85.5,100.0,0.0
HLTH 2600,87.0,101.0,0.0
HLTH 2980,84.25,98.75,1.5
HLTH 3030,75.0,100.0,0.0
HLTH 3100,62.0,100.0,0.0
HLTH 3400,88.0,100.0,0.0
HLTH 3610,74.0,92.5,8.0
HLTH 3800,76.5,100.25,0.0
HLTH 4000,93.0,97.0,0.0
HLTH 4200,96.0,98.0,2.0
HLTH 4400,78.0,97.0,0.0
HLTH 4700,92.0,100.0,0.0
HLTH 4900,59.0,99.5,0.0
HLTH 8000,92.0,100.0,0.0
HLTH 8090,50.0,100.0,0.0
HLTH 8120,60.0,85.0,10.0
HLTH 8210,60.0,90.0,0.0
HON 1900,79.0,95.0,5.0
HON 1920,95.0,100.0,0.0
HON 1960,95.0,100.0,0.0
HON 2020,63.0,84.0,16.0
HON 2030,82.5,100.0,0.0
HON 2060,94.0,100.0,0.0
HON 2210,78.0,100.0,0.0
HON 2230,95.0,100.0,0.0
HON 2820,92.0,92.0,8.0
HON 3960,94.0,100.0,0.0
HORT 1010,93.0,97.0,2.0
HORT 2120,64.0,91.0,9.0
HORT 2130,86.0,86.0,14.0
HORT 3030,10.0,46.0,12.0
HORT 3080,88.0,99.0,3.0
HORT 4080,86.0,100.0,0.0
HORT 4400,39.0,83.0,17.0
HP 8010,67.0,100.0,0.0
HP 8070,87.0,100.0,0.0
HP 8190,87.0,100.0,0.0
HRD 8120,85.0,93.0,0.0
HRD 8470,80.0,95.0,0.0
HUM 3060,11.0,77.0,0.0
IE 2100,52.0,97.0,1.0
IE 3010,60.0,101.0,0.0
IE 3600,36.0,84.0,0.0
IE 3610,57.0,95.0,0.0
IE 3800,29.0,79.0,3.0
IE 3810,34.0,82.0,3.0
IE 3840,81.0,95.0,0.0
IE 3860,78.0,92.0,2.0
IE 4400,69.0,95.0,1.0
IE 4560,32.0,86.0,0.0
IE 4570,92.0,98.0,0.0
IE 4610,28.0,98.0,0.0
IE 4620,91.0,100.0,0.0
IE 4640,79.0,100.0,0.0
IE 4650,29.0,92.0,3.0
IE 4670,72.0,100.0,0.0
IE 4820,91.0,99.0,0.0
IE 4880,82.0,99.5,0.0
IE 6650,67.0,101.0,0.0
IE 8000,34.0,100.0,0.0
IE 8030,55.0,101.0,0.0
IE 8060,25.0,91.0,8.0
IE 8090,14.0,68.0,0.0
IE 8530,82.0,91.0,0.0
IE 8780,50.0,100.0,0.0
IE 8900,50.0,100.0,0.0
INNO 3990,86.0,86.0,14.0
ITAL 1010,72.5,100.0,0.0
ITAL 2010,62.0,95.0,5.0
JAPN 1010,45.0,81.5,7.0
JAPN 1020,42.0,92.0,8.0
JAPN 2010,35.0,85.0,5.0
JAPN 3050,42.0,100.0,0.0
JAPN 3160,53.0,99.0,0.0
JAPN 4990,45.0,90.0,9.0
JUST 2050,58.0,86.5,7.5
JUST 2880,50.5,90.5,2.0
JUST 2890,77.0,97.0,0.0
JUST 3140,65.0,96.0,0.0
JUST 3190,60.0,95.0,0.0
JUST 3220,88.0,88.0,6.0
JUST 3280,83.0,100.0,0.0
JUST 3500,84.0,100.0,0.0
JUST 3840,81.0,100.0,0.0
JUST 4130,45.0,97.0,0.0
JUST 4150,89.0,101.0,0.0
JUST 4200,33.0,93.0,0.0
JUST 4280,91.0,99.5,0.0
JUST 4680,52.0,95.0,0.0
JUST 4850,80.0,95.0,0.0
JUST 4910,76.5,94.5,1.0
JUST 4930,63.0,96.0,2.0
JUST 4950,50.0,98.0,0.0
LANG 3000,53.0,82.0,6.0
LANG 3100,25.0,75.0,25.0
LANG 4540,56.0,89.0,11.0
LARC 1150,78.5,94.5,5.0
LARC 1280,91.0,100.0,0.0
LARC 1510,71.0,95.0,6.0
LARC 2140,56.0,84.0,4.0
LARC 2510,52.5,100.0,0.0
LARC 2620,31.0,100.0,0.0
LARC 3510,60.0,100.0,0.0
LARC 3810,66.0,101.0,0.0
LARC 4550,40.0,100.0,0.0
LARC 4620,56.5,100.0,0.0
LARC 6530,80.0,90.0,10.0
LARC 8010,57.0,86.0,14.0
LARC 8140,71.0,85.0,14.0
LARC 8430,50.0,100.0,0.0
LARC 8610,67.0,100.0,0.0
LARC 8630,40.0,100.0,0.0
LAW 3220,48.6,96.05,1.5
LAW 3330,14.0,89.0,3.0
LAW 3400,57.0,100.0,0.0
LAW 4200,56.0,96.0,4.0
LS 1000,89.83333333333333,96.5,3.6666666666666665
LS 1560,82.0,100.0,0.0
LS 1640,83.0,91.0,8.0
LS 1790,90.0,90.0,10.0
LS 2320,88.0,95.5,2.5
LS 2350,91.5,100.0,0.0
LS 2360,71.0,101.0,0.0
LS 2420,82.16666666666667,98.0,2.1666666666666665
LS 2450,89.5,94.0,2.5
LS 2510,89.0,89.0,5.0
LS 2750,75.0,100.0,0.0
MATH 1010,42.0,89.8,4.8
MATH 1020,34.91304347826087,79.82608695652175,7.260869565217392
MATH 1030,32.0,90.5,7.5
MATH 1060,43.94117647058823,89.29411764705883,3.235294117647059
MATH 1070,13.0,67.0,7.5
MATH 1080,29.23076923076923,75.46153846153845,8.307692307692308
MATH 1150,83.66666666666667,99.33333333333334,0.0
MATH 1160,42.0,100.0,0.0
MATH 2060,37.90909090909091,84.27272727272727,4.818181818181818
MATH 2070,43.27272727272727,81.0,7.545454545454546
MATH 2080,43.166666666666664,83.66666666666667,5.0
MATH 2150,52.0,90.0,3.0
MATH 2160,58.333333333333336,91.66666666666667,1.3333333333333333
MATH 2500,97.0,97.0,3.0
MATH 2800,79.0,96.33333333333333,2.3333333333333335
MATH 3020,36.333333333333336,97.11111111111111,1.1111111111111112
MATH 3110,45.77777777777778,85.66666666666667,4.333333333333333
MATH 3190,64.0,86.0,3.5
MATH 3600,70.0,79.0,13.0
MATH 3650,31.714285714285715,89.71428571428571,2.7142857142857144
MATH 4000,41.0,92.5,4.5
MATH 4020,70.0,100.0,0.0
MATH 4070,86.0,100.0,0.0
MATH 4120,32.0,88.0,0.0
MATH 4190,64.0,78.0,7.0
MATH 4300,85.0,100.0,0.0
MATH 4340,43.0,78.5,0.0
MATH 4350,44.0,82.0,0.0
MATH 4400,16.0,80.0,6.0
MATH 4410,57.0,86.0,0.0
MATH 4530,2.0,66.0,2.0
MATH 4540,33.0,72.0,6.0
MATH 4990,86.0,86.0,14.0
MATH 8000,62.0,85.5,9.5
MATH 8010,27.0,99.0,0.0
MATH 8050,45.0,99.0,0.0
MATH 8090,60.0,100.0,0.0
MATH 8100,73.0,91.0,9.0
MATH 8210,54.0,94.0,3.0
MATH 8530,43.0,93.0,0.0
MATH 8550,80.0,90.0,0.0
MATH 8600,33.0,95.0,5.0
MATH 8650,61.0,100.0,0.0
MATH 8660,43.0,72.0,0.0
MATH 8820,67.0,100.0,0.0
MATH 9500,80.0,100.0,0.0
MBA 8020,71.0,97.0,2.0
MBA 8030,51.666666666666664,86.33333333333333,2.6666666666666665
MBA 8060,74.5,100.5,0.0
MBA 8070,62.0,96.33333333333334,3.6666666666666665
MBA 8080,68.5,100.5,0.0
MBA 8090,81.0,98.66666666666667,0.0
MBA 8160,35.0,84.5,3.5
MBA 8190,39.0,90.0,1.5
MBA 8310,71.0,100.0,0.0
MBA 8330,52.0,95.0,4.0
MBA 8370,60.0,100.0,0.0
MBA 8430,86.0,100.0,0.0
MBA 8470,79.0,100.0,0.0
MBA 8480,62.0,99.0,0.0
MBA 8490,64.0,96.0,5.0
MBA 8540,57.0,97.0,0.0
MBA 8590,66.33333333333333,95.99999999999999,0.0
MBA 8600,80.66666666666667,98.33333333333333,0.0
MBA 8610,80.0,99.0,1.0
MBA 8620,67.0,100.5,0.0
MBA 8990,86.0,99.0,1.0
ME 2000,91.0,98.0,1.0
ME 2030,17.5,66.0,9.0
ME 2040,22.5,98.0,1.0
ME 2050,26.6,85.2,6.0
ME 2060,9.5,75.5,2.5
ME 2070,60.5,98.99999999999999,1.0
ME 2220,45.63636363636363,99.0909090909091,0.0
ME 2900,75.0,75.0,25.0
ME 3030,36.666666666666664,95.99999999999999,1.3333333333333333
ME 3040,16.0,94.5,1.0
ME 3050,25.666666666666668,88.33333333333333,2.0
ME 3060,40.0,91.66666666666666,2.0
ME 3080,38.6,93.0,0.6
ME 3120,46.5,100.0,0.0
ME 3330,55.8,98.4,0.6
ME 4000,92.0,99.0,0.0
ME 4010,81.33333333333333,99.66666666666666,0.0
ME 4020,69.5,100.0,0.0
ME 4030,55.0,98.5,0.5
ME 4180,63.0,96.0,4.0
ME 4210,22.0,83.0,6.0
ME 4230,38.0,96.0,0.0
ME 4320,56.0,100.0,0.0
ME 4340,38.0,90.0,10.0
ME 4440,72.875,100.0,0.0
ME 4610,71.0,96.0,0.0
ME 6230,60.0,100.0,0.0
ME 6320,64.0,100.0,0.0
ME 8010,77.0,100.0,0.0
ME 8180,68.0,86.0,15.0
ME 8220,58.0,83.0,0.0
ME 8230,43.0,100.0,0.0
ME 8460,33.0,100.0,0.0
ME 8700,26.0,98.0,0.0
ME 8710,54.0,93.0,5.0
MGT 2010,67.23076923076923,98.53846153846155,0.5384615384615384
MGT 3030,33.4,89.6,5.4
MGT 3070,76.5,99.75,0.375
MGT 3100,48.666666666666664,88.77777777777777,4.555555555555555
MGT 3120,43.285714285714285,90.0,5.428571428571429
MGT 3180,59.42857142857143,98.28571428571429,0.7142857142857143
MGT 3500,82.0,95.0,3.0
MGT 3900,46.857142857142854,96.14285714285714,0.2857142857142857
MGT 4000,49.2,98.4,0.0
MGT 4020,26.0,87.0,10.0
MGT 4080,44.0,91.0,9.0
MGT 4110,57.0,100.0,0.0
MGT 4120,49.0,98.0,2.0
MGT 4150,49.125,99.75,0.0
MGT 4160,81.0,100.0,0.0
MGT 4240,32.0,98.0,0.0
MGT 4270,19.0,88.0,0.0
MGT 4310,87.0,97.0,3.0
MGT 4350,70.0,98.0,0.0
MGT 4500,45.0,90.0,3.0
MGT 4520,47.0,97.0,3.0
MGT 4540,67.0,101.0,0.0
MGT 4560,35.0,100.0,0.0
MGT 8690,93.0,101.0,0.0
MICR 2050,50.0,99.0,1.0
MICR 3050,49.0,91.0,1.0
MICR 3060,72.3125,97.6875,1.3125
MICR 4040,68.0,99.0,0.0
MICR 4050,55.0,100.0,0.0
MICR 4140,53.0,93.5,5.0
MICR 4150,16.0,88.0,0.0
MICR 4160,92.0,100.0,0.0
MICR 4180,52.0,100.0,0.0
MICR 4510,85.0,100.0,0.0
MICR 4940,73.5,83.5,0.0
MICR 6050,67.0,100.0,0.0
MKT 3010,52.22222222222222,96.66666666666667,0.5555555555555556
MKT 3020,48.2,95.0,0.8
MKT 3030,76.5,99.0,0.25
MKT 3210,80.33333333333333,98.66666666666666,0.0
MKT 3220,71.33333333333333,98.33333333333333,0.6666666666666666
MKT 3250,71.75,99.25,0.0
MKT 3310,69.5,98.0,2.0
MKT 3320,89.0,99.33333333333334,0.6666666666666666
MKT 3980,67.0,67.0,33.0
MKT 4220,53.0,100.0,0.0
MKT 4230,27.0,93.0,1.5
MKT 4240,58.0,100.0,0.0
MKT 4250,30.0,97.0,0.0
MKT 4270,85.25,99.5,0.5
MKT 4300,90.0,97.0,0.0
MKT 4310,48.0,100.00000000000001,0.0
MKT 4500,78.66666666666667,100.16666666666667,0.0
MKT 8620,68.0,100.0,0.0
MKT 8660,56.0,101.0,0.0
MSE 2100,54.5,94.33333333333333,2.3333333333333335
MSE 3260,65.0,90.0,0.0
MSE 3900,75.0,75.0,25.0
MSE 3910,81.0,94.0,0.0
MSE 4150,46.666666666666664,93.66666666666666,1.3333333333333333
MSE 4280,47.0,101.0,0.0
MSE 4900,64.0,100.0,0.0
MSE 6280,40.0,100.0,0.0
MSE 8100,55.0,100.0,0.0
MSE 8270,33.0,99.0,0.0
MUSC 1010,63.6,95.6,5.2
MUSC 1110,73.4,81.80000000000001,18.2
MUSC 1420,42.0,95.0,0.0
MUSC 1430,52.0,95.0,0.0
MUSC 1510,73.0,85.5,14.5
MUSC 1520,67.0,67.0,33.0
MUSC 1530,78.0,89.0,0.0
MUSC 2100,76.375,97.0,2.0
MUSC 2530,50.0,75.0,0.0
MUSC 3110,86.0,93.0,3.0
MUSC 3120,79.5,96.5,1.5
MUSC 3140,66.0,101.0,0.0
MUSC 3150,96.0,100.0,0.0
MUSC 3530,60.0,100.0,0.0
MUSC 3610,98.0,99.0,1.0
MUSC 3690,96.0,96.0,4.0
MUSC 3700,90.0,96.0,4.0
MUSC 3720,80.0,95.0,0.0
MUSC 4150,55.0,96.0,0.0
NPL 3000,72.0,94.4375,1.25
NPL 3010,73.0,98.5,2.0
NPL 3020,80.0,100.0,0.0
NPL 3030,74.0,91.5,2.0
NPL 3040,72.5,98.0,0.0
NPL 3050,83.0,97.5,1.0
NURS 3030,23.0,100.0,0.0
NURS 3040,55.25,96.5,0.5
NURS 3050,83.0,100.0,0.0
NURS 3070,88.0,88.0,0.0
NURS 3100,65.0,98.0,0.0
NURS 3120,63.333333333333336,99.33333333333333,0.6666666666666666
NURS 3230,95.0,98.5,1.0
NURS 3300,84.0,98.0,0.0
NURS 3330,83.0,97.0,3.0
NURS 3400,45.333333333333336,96.0,0.6666666666666666
NURS 3980,75.0,75.0,25.0
NURS 4010,62.0,100.0,0.0
NURS 4030,82.0,100.33333333333333,0.0
NURS 4060,50.0,100.0,0.0
NURS 4110,56.0,100.0,0.0
NURS 4120,75.0,100.0,0.0
NURS 4150,90.0,100.0,0.0
NURS 4250,88.0,94.0,0.0
NURS 8040,80.0,90.0,10.0
NURS 8060,81.0,92.0,4.0
NURS 8200,57.0,86.0,0.0
NURS 8210,71.0,100.0,0.0
NURS 9020,65.0,100.0,0.0
NUTR 1010,52.0,98.0,2.0
NUTR 2030,51.0,98.0,0.5
NUTR 2050,97.0,99.0,1.0
NUTR 2160,81.0,97.0,0.0
NUTR 3020,93.0,100.0,0.0
NUTR 4240,71.0,92.0,7.0
NUTR 4260,95.0,101.0,0.0
NUTR 4510,33.0,95.0,0.0
PA 1010,89.0,95.0,0.0
PA 2010,89.0,101.0,0.0
PA 2790,54.0,93.0,0.0
PA 2800,54.0,92.0,8.0
PA 3010,64.0,92.0,0.0
PADM 8220,80.0,80.0,10.0
PADM 8450,82.0,91.0,0.0
PADM 8510,67.0,93.0,7.0
PADM 8620,81.0,93.0,0.0
PADM 8670,83.0,100.0,0.0
PADM 8780,78.75,93.5,0.0
PCID 3040,72.91304347826087,96.60869565217392,1.0434782608695652
PCID 3140,74.46153846153847,97.53846153846155,0.6153846153846154
PCID 3150,64.25,93.0,3.25
PES 1040,75.0,98.0,3.0
PES 2020,31.0,89.0,0.0
PES 3150,24.0,77.0,0.0
PES 3350,69.0,100.0,0.0
PES 3400,71.0,94.0,0.0
PES 4090,77.0,100.0,0.0
PES 4970,80.0,100.0,0.0
PES 8060,70.0,100.0,0.0
PES 8900,86.0,100.0,0.0
PHIL 1010,57.57142857142857,94.71428571428572,4.428571428571429
PHIL 1020,61.166666666666664,96.83333333333333,1.0
PHIL 1030,72.5,97.0,2.1666666666666665
PHIL 1040,58.0,97.0,0.0
PHIL 3120,50.0,94.0,6.0
PHIL 3150,33.0,100.0,0.0
PHIL 3200,58.0,91.0,8.0
PHIL 3210,60.0,100.0,0.0
PHIL 3260,90.0,96.0,1.0
PHIL 3300,64.0,91.0,0.0
PHIL 3330,60.0,80.0,0.0
PHIL 3440,57.0,91.0,10.0
PHIL 3460,58.0,91.0,0.0
PHIL 3550,23.0,85.0,8.0
PHIL 3990,80.0,100.0,0.0
PHIL 4920,88.0,92.5,7.5
PHSC 1180,80.5,100.0,0.0
PHYS 1010,74.0,82.0,11.0
PHYS 1220,40.0,89.33333333333334,2.3333333333333335
PHYS 1240,77.2,96.66666666666667,2.466666666666667
PHYS 1990,85.0,85.0,15.0
PHYS 2070,57.0,92.0,3.6666666666666665
PHYS 2080,46.0,89.0,5.0
PHYS 2090,80.6923076923077,96.0,2.4615384615384617
PHYS 2100,75.33333333333333,97.0,1.5
PHYS 2210,30.8,95.0,1.2
PHYS 2220,57.0,100.0,0.0
PHYS 2230,69.75,96.125,0.875
PHYS 2240,89.0,99.0,0.0
PHYS 2450,72.0,97.0,0.0
PHYS 3000,75.0,94.0,0.0
PHYS 3150,55.0,95.0,5.0
PHYS 3210,41.0,93.0,6.0
PHYS 3250,42.0,95.0,5.0
PHYS 4410,36.0,88.0,4.0
PHYS 4550,55.0,100.0,0.0
PHYS 6210,50.0,83.0,17.0
PHYS 6550,40.0,80.0,20.0
PHYS 8110,73.0,100.0,0.0
PHYS 8210,47.0,100.0,0.0
PHYS 9510,68.0,100.0,0.0
PKSC 1010,70.0,95.0,0.0
PKSC 1020,8.0,68.0,11.0
PKSC 2010,10.0,70.0,10.0
PKSC 2020,17.0,87.0,0.0
PKSC 2200,68.0,97.0,0.0
PKSC 3200,63.0,100.0,0.0
PKSC 4010,39.0,97.0,0.0
PKSC 4040,31.0,89.0,2.0
PKSC 4160,55.0,94.0,3.0
PKSC 4200,92.0,100.0,0.0
PKSC 4400,69.0,100.0,0.0
PKSC 4540,58.5,100.5,0.0
PKSC 4640,88.0,100.0,0.0
PLPA 3100,21.0,71.0,3.0
POSC 1010,42.92307692307692,93.84615384615384,1.4615384615384615
POSC 1020,47.0,89.5,6.0
POSC 1030,45.375,93.125,2.25
POSC 1040,67.66666666666667,93.0,4.666666666666667
POSC 1990,69.0,96.0,0.0
POSC 3020,43.0,87.5,9.0
POSC 3050,85.66666666666667,85.66666666666667,14.666666666666666
POSC 3100,91.0,91.0,0.0
POSC 3210,59.5,98.0,0.0
POSC 3410,21.5,92.0,2.0
POSC 3510,52.0,100.0,0.0
POSC 3530,64.5,89.5,10.0
POSC 3610,58.0,96.0,0.0
POSC 3620,43.0,96.0,0.0
POSC 3630,41.0,92.0,7.0
POSC 3750,33.0,95.0,4.0
POSC 4030,49.0,98.0,0.0
POSC 4050,7.0,62.0,15.0
POSC 4080,55.0,95.0,0.0
POSC 4160,50.0,86.0,0.0
POSC 4210,40.0,65.0,15.0
POSC 4240,67.0,94.0,7.0
POSC 4360,49.0,92.0,5.0
POSC 4370,62.0,98.5,0.0
POSC 4420,65.0,85.0,12.0
POSC 4440,40.0,72.0,14.0
POSC 4470,31.0,73.0,15.0
POSC 4500,47.0,100.0,0.0
POSC 4530,73.5,100.5,0.0
POSC 4660,81.0,100.0,0.0
POSC 4780,52.0,91.0,9.0
POSC 4900,83.0,83.0,0.0
PRTM 2110,63.0,91.0,3.0
PRTM 2140,80.0,94.0,0.0
PRTM 2200,45.0,90.66666666666667,1.6666666666666667
PRTM 2220,65.0,97.66666666666666,1.6666666666666667
PRTM 2260,33.666666666666664,94.33333333333333,1.6666666666666667
PRTM 2540,78.0,96.0,0.0
PRTM 3010,50.5,94.0,2.0
PRTM 3030,90.0,98.0,0.0
PRTM 3050,49.0,92.0,0.0
PRTM 3090,70.0,98.0,0.0
PRTM 3200,59.0,95.0,1.5
PRTM 3230,83.0,100.0,0.0
PRTM 3240,83.0,100.0,0.0
PRTM 3250,80.0,95.5,0.0
PRTM 3300,79.0,90.0,4.0
PRTM 3420,92.0,100.0,0.0
PRTM 3440,76.0,98.0,0.0
PRTM 3450,60.0,95.0,0.0
PRTM 3470,67.0,101.0,0.0
PRTM 3500,79.33333333333333,98.0,1.3333333333333333
PRTM 3600,79.0,100.0,0.0
PRTM 3610,50.0,100.0,0.0
PRTM 3920,75.0,98.0,3.0
PRTM 3980,60.0,100.0,0.0
PRTM 4030,75.0,92.0,0.0
PRTM 4090,36.5,97.0,0.0
PRTM 4410,28.0,100.0,0.0
PRTM 4470,93.0,101.0,0.0
PRTM 4530,66.0,98.0,3.0
PRTM 4540,56.0,85.0,4.0
PRTM 9000,78.0,89.0,11.0
PSYC 1810,85.0,95.0,0.0
PSYC 2010,63.4,95.0,2.2
PSYC 2030,53.0,97.0,2.0
PSYC 2750,46.0,84.0,12.0
PSYC 3060,51.0,94.0,3.0
PSYC 3090,33.333333333333336,92.66666666666667,2.6666666666666665
PSYC 3100,54.625,95.375,1.125
PSYC 3210,80.0,97.5,0.0
PSYC 3220,40.0,93.0,4.5
PSYC 3240,40.333333333333336,75.33333333333334,12.333333333333334
PSYC 3300,94.0,98.0,1.0
PSYC 3330,63.0,99.0,0.0
PSYC 3340,87.0,94.0,3.0
PSYC 3350,60.0,88.0,4.0
PSYC 3400,47.0,93.75,1.25
PSYC 3620,52.0,100.0,0.0
PSYC 3640,87.0,98.0,2.0
PSYC 3680,40.0,91.0,3.0
PSYC 3700,32.0,84.5,3.5
PSYC 3830,88.0,98.5,0.0
PSYC 3890,94.0,100.0,0.0
PSYC 4080,63.0,100.0,0.0
PSYC 4150,87.5,97.0,0.0
PSYC 4800,76.33333333333333,98.33333333333333,1.6666666666666667
PSYC 4880,36.0,100.0,0.0
PSYC 4890,66.33333333333333,95.0,2.0
PSYC 4930,89.0,94.0,5.0
PSYC 4980,72.66666666666667,83.66666666666667,16.166666666666668
PSYC 8100,95.0,101.0,0.0
PSYC 8410,90.0,100.0,0.0
PSYC 8610,80.0,100.0,0.0
PSYC 8620,47.0,100.0,0.0
PSYC 8720,90.0,100.0,0.0
RED 8000,78.0,95.0,4.0
RED 8100,73.0,100.0,0.0
RED 8160,44.0,100.0,0.0
RED 8890,70.0,100.0,0.0
REL 1010,46.0,91.66666666666666,6.333333333333333
REL 1020,74.0,100.0,0.0
REL 3010,40.0,86.0,3.0
REL 3030,42.0,89.0,0.0
REL 3070,33.0,88.0,11.0
REL 3130,77.0,97.5,1.5
REL 3150,50.0,94.0,6.0
REL 4010,63.0,88.0,0.0
RS 4010,89.0,89.0,11.0
RUD 8610,70.0,100.0,0.0
RUSS 1010,53.0,100.0,0.0
RUSS 3610,53.0,89.0,6.0
SCI 1000,83.0,98.0,0.0
SOC 2010,82.125,99.25,0.375
SOC 2040,96.0,98.0,0.0
SOC 2890,60.5,93.0,0.0
SOC 3020,61.75,98.25,0.0
SOC 3040,36.5,98.5,0.0
SOC 3100,63.0,100.0,0.0
SOC 3310,89.0,99.0,0.0
SOC 3500,70.0,89.0,7.0
SOC 3510,40.0,92.0,2.0
SOC 3600,78.0,99.0,0.0
SOC 3840,88.0,100.0,0.0
SOC 3920,54.0,97.0,4.0
SOC 3940,53.0,98.0,0.0
SOC 3970,67.0,93.0,2.0
SOC 4010,78.0,100.0,0.0
SOC 4030,71.0,96.0,0.0
SOC 4040,42.0,86.0,0.0
SOC 4060,63.0,89.0,13.0
SOC 4140,55.0,100.0,0.0
SOC 4440,81.0,96.0,2.0
SOC 4600,82.33333333333333,99.33333333333333,0.6666666666666666
SOC 4610,95.0,98.0,3.0
SOC 4850,54.0,93.0,8.0
SOC 4860,80.0,80.0,20.0
SOC 4950,93.0,93.0,0.0
SPAN 1010,83.0,97.5,2.5
SPAN 1020,69.08333333333333,94.25,2.0833333333333335
SPAN 2010,63.25,92.5,5.375
SPAN 2020,70.5,98.91666666666667,0.4166666666666667
SPAN 3020,56.5,95.0,5.5
SPAN 3040,71.0,100.0,0.0
SPAN 3050,79.0,97.75,1.25
SPAN 3060,91.0,100.0,0.0
SPAN 3070,54.0,93.0,4.0
SPAN 3080,77.0,100.0,0.0
SPAN 3150,86.0,95.0,5.0
SPAN 3160,80.0,100.0,0.0
SPAN 3180,57.0,91.0,10.0
SPAN 4180,87.0,101.0,0.0
SPAN 4190,76.0,88.0,0.0
SPAN 4350,53.0,101.0,0.0
SPAN 4990,71.0,99.0,0.0
SSCI 8010,60.0,100.0,0.0
SSCI 8030,60.0,80.0,0.0
STAT 2220,48.4,92.2,0.8
STAT 2300,48.142857142857146,91.71428571428572,1.8571428571428572
STAT 3090,53.04761904761905,95.38095238095238,1.4285714285714286
STAT 3300,83.0,101.0,0.0
STAT 4020,69.0,82.0,6.0
STAT 4110,58.25,91.0,2.75
STAT 8010,59.333333333333336,92.33333333333333,6.5
STAT 8020,78.0,100.0,0.0
STAT 8030,60.0,100.0,0.0
STS 1010,68.5,95.83333333333333,2.5
STS 1020,65.0,97.0,0.0
SUST 2040,72.0,97.0,0.0
THEA 2100,68.66666666666667,94.0,4.111111111111111
THEA 2780,58.0,100.0,0.0
THEA 2900,58.0,99.0,0.0
THEA 3150,56.0,93.0,0.0
THEA 3170,56.0,94.0,3.0
THEA 3470,70.0,90.0,0.0
THEA 3980,83.0,100.0,0.0
WCIN 3570,89.5,98.5,2.0
WCIN 4500,68.0,100.0,0.0
WCIN 4510,64.0,100.0,0.0
WCIN 4530,56.0,94.0,0.0
WCIN 4540,63.0,100.0,0.0
WCIN 4760,82.0,100.0,0.0
WCIN 4960,50.0,70.0,0.0
WFB 4100,59.0,100.0,0.0
WFB 4120,86.0,89.0,3.0
WFB 4180,64.0,92.0,0.0
WFB 4200,53.0,90.0,5.0
WFB 4210,84.0,94.0,5.0
WFB 4350,25.0,92.0,8.0
WFB 4720,23.0,92.0,0.0
WFB 4770,71.0,101.0,0.0
WFB 4800,42.0,90.0,3.0
WFB 6200,65.0,71.5,21.0
WFB 6210,80.0,80.0,20.0
WFB 6300,64.0,85.0,14.0
WFB 6340,69.0,75.0,13.0
WFB 6350,53.0,100.0,0.0
WFB 6620,86.0,101.0,0.0
WFB 6640,69.0,94.0,6.0
WFB 6800,50.0,100.0,0.0
WFB 8530,86.0,95.0,5.0
WFB 8610,91.5,100.0,0.0
WS 1030,79.75,99.0,0.75
WS 2300,83.0,100.0,0.0
WS 3490,98.0,101.0,0.0
WS 4900,86.0,100.0,0.0
YDP 3000,87.0,100.0,0.0
YDP 3050,71.0,92.0,0.0
YDP 3200,81.0,99.0,0.0
YDP 3250,93.0,97.0,0.0
YDP 3350,88.0,96.0,4.0
YDP 8000,81.0,100.0,0.0
YDP 8030,60.0,90.0,0.0
YDP 8060,81.0,96.0,0.0
YDP 8080,78.0,100.0,0.0
